Spotify Artist,Tidal Artist,Spotify Title,Tidal Title,Tidal URL
Igorrr,Igorrr,Spirituality and Distortion,Spirituality and Distortion,https://tidal.com/browse/album/125917739
Alan Walker,Alan Walker,Different World,Different World,https://tidal.com/browse/album/99828200
Apparat,Apparat,The Devil's Walk,The Devil's Walk,https://tidal.com/browse/album/34512584
Apparat,Apparat,LP5,LP5,https://tidal.com/browse/album/104069552
Billie Eilish,Billie Eilish,"WHEN WE ALL FALL ASLEEP, WHERE DO WE GO?","WHEN WE ALL FALL ASLEEP, WHERE DO WE GO?",https://tidal.com/browse/album/121069658
Black Atlass,Black Atlass,Dream Awake,Dream Awake,https://tidal.com/browse/album/135657576
BTS,BTS,Love Yourself 承 'Her',Love Yourself 承 'Her',https://tidal.com/browse/album/205907937
BTS,BTS,Love Yourself 結 'Answer',Love Yourself 結 'Answer',https://tidal.com/browse/album/207713226
BTS,BTS,Love Yourself 轉 'Tear',Love Yourself 轉 'Tear',https://tidal.com/browse/album/207713198
BTS,BTS,Wings,Wings,https://tidal.com/browse/album/205907843
Cigarettes After Sex,Cigarettes After Sex,Affection,Affection,https://tidal.com/browse/album/76903528
Cigarettes After Sex,Cigarettes After Sex,Crush,Crush,https://tidal.com/browse/album/424929981
Cigarettes After Sex,Cigarettes After Sex,I.,I.,https://tidal.com/browse/album/76903534
Coldplay,Coldplay,Music Of The Spheres,Music Of The Spheres,https://tidal.com/browse/album/200813772
Coldplay,Coldplay,A Head Full of Dreams,A Head Full of Dreams,https://tidal.com/browse/album/54728054
Daft Punk,Daft Punk,Homework,Homework,https://tidal.com/browse/album/161010
deadmau5,deadmau5,For Lack Of A Better Name,For Lack of A Better Name (The Extended Mixes),https://tidal.com/browse/album/304197081
deadmau5,deadmau5,Polar (Music from the Netflix Film),Polar (Music from the Netflix Film),https://tidal.com/browse/album/241907172
deadmau5,deadmau5,where's the drop?,where's the drop?,https://tidal.com/browse/album/241907138
DOPE LEMON,Dope Lemon,Honey Bones,Honey Bones,https://tidal.com/browse/album/111122794
DOPE LEMON,Dope Lemon,Smooth Big Cat,Smooth Big Cat,https://tidal.com/browse/album/111122765
Eminem,Eminem,The Eminem Show,The Eminem Show,https://tidal.com/browse/album/573283
ford.,ford.,(The) Evening,(The) Evening,https://tidal.com/browse/album/185494838
ford.,ford.,The Color of Nothing,The Color of Nothing,https://tidal.com/browse/album/185431196
French 79,French 79,Joshua,Joshua,https://tidal.com/browse/album/442085780
The Gentle Men,The Gentle Men,The Evolution of Tears,The Evolution of Tears,https://tidal.com/browse/album/438963046
i_o,i_o,Warehouse Summer,Warehouse Summer,https://tidal.com/browse/album/259444007
j-hope,j-hope,Hope World,Hope World,https://tidal.com/browse/album/239092756
Joji,Joji,BALLADS 1,BALLADS 1,https://tidal.com/browse/album/339005006
Joji,Joji,Nectar,Nectar,https://tidal.com/browse/album/338984071
Joji,Joji,SMITHEREENS,SMITHEREENS,https://tidal.com/browse/album/396305313
Joji,Joji,In Tongues,In Tongues,https://tidal.com/browse/album/79377426
Jungle,Jungle,For Ever,For Ever,https://tidal.com/browse/album/93098993
KALEO,KALEO,A/B,A/B,https://tidal.com/browse/album/61546947
Kendrick Lamar,Kendrick Lamar,Mr. Morale & The Big Steppers,Mr. Morale & The Big Steppers,https://tidal.com/browse/album/230909380
Khalid,Khalid,Suncity,Suncity,https://tidal.com/browse/album/96602179
Kid Francescoli,KID FRANCESCOLI,Play Me Again,Play Me Again,https://tidal.com/browse/album/261951628
Lana Del Rey,Lana Del Rey,Born To Die,Born To Die,https://tidal.com/browse/album/13152058
Lauv,Lauv,~how i'm feeling~,~how i'm feeling~,https://tidal.com/browse/album/252758102
Lauv,Lauv,I met you when I was 18. (the playlist),I met you when I was 18. (the playlist),https://tidal.com/browse/album/390686879
Leprous,Leprous,Pitfalls,Pitfalls,https://tidal.com/browse/album/116152998
Lorn,Lorn,"A/D, Music For Picture","A/D, Music For Picture",https://tidal.com/browse/album/72673584
Lorn,Lorn,GUARDIAN,GUARDIAN,https://tidal.com/browse/album/230584923
Lorn,Lorn,Nothing Else,Nothing Else,https://tidal.com/browse/album/15332990
Lorn,Lorn,RARITIES,RARITIES,https://tidal.com/browse/album/230584977
Lorn,Lorn,THE MAP,THE MAP,https://tidal.com/browse/album/230584956
Lorn,Lorn,ZERO BOUNCE,ZERO BOUNCE,https://tidal.com/browse/album/230584960
Lorn,Lorn,Debris,Debris,https://tidal.com/browse/album/21530583
The Lost Electric,The Lost Electric,The Lost Electric,The Lost Electric,https://tidal.com/browse/album/63120755
Low Hum,Low Hum,Room To Breathe,Room To Breathe,https://tidal.com/browse/album/334042808
LP Giobbi,LP Giobbi,Light Places,Light Places,https://tidal.com/browse/album/277080641
M83,M83,Fantasy,Fantasy,https://tidal.com/browse/album/277389417
Maximum Love,Maximum Love,Under the Shadow,Under the Shadow,https://tidal.com/browse/album/240379856
Mcbaise,Mcbaise,TUBES,TUBES,https://tidal.com/browse/album/441942254
Meltt,Meltt,Visions,Visions,https://tidal.com/browse/album/260574671
The Neighbourhood,The Neighbourhood,Wiped Out!,Wiped Out!,https://tidal.com/browse/album/52826913
The Neighbourhood,The Neighbourhood,Hard To Imagine The Neighbourhood Ever Changing,Hard To Imagine The Neighbourhood Ever Changing,https://tidal.com/browse/album/97763382
The Neighbourhood,The Neighbourhood,I Love You.,I Love You.,https://tidal.com/browse/album/19784637
NERO,Nero,Welcome Reality,Welcome Reality +,https://tidal.com/browse/album/35466984
Nirvana,Nirvana,Nevermind (Remastered),Nevermind (Remastered),https://tidal.com/browse/album/7772057
No Mana,No Mana,Secret Level,Secret Level,https://tidal.com/browse/album/259613135
NTO,NTO,Time,Time,https://tidal.com/browse/album/60635044
Olivia Rodrigo,Olivia Rodrigo,SOUR,SOUR,https://tidal.com/browse/album/184786791
OVERWERK,OVERWERK,Canon,Canon,https://tidal.com/browse/album/197342716
OVERWERK,OVERWERK,Vessel,Vessel,https://tidal.com/browse/album/175238766
Pink Floyd,Pink Floyd,Meddle,Meddle,https://tidal.com/browse/album/55391742
Pink Floyd,Pink Floyd,The Wall,The Wall,https://tidal.com/browse/album/55391447
PLAZA,Plaza,SHADOW,SHADOW,https://tidal.com/browse/album/269267298
Porcupine Tree,Porcupine Tree,Deadwing,Deadwing (Remastered),https://tidal.com/browse/album/389511490
Porcupine Tree,Porcupine Tree,Fear of a Blank Planet,Fear of a Blank Planet,https://tidal.com/browse/album/155511312
Porter Robinson,Porter Robinson,Nurture,Nurture,https://tidal.com/browse/album/181171322
Porter Robinson,Porter Robinson,Worlds,Worlds,https://tidal.com/browse/album/32571279
RÜFÜS DU SOL,RÜFÜS DU SOL,Atlas,Atlas,https://tidal.com/browse/album/33672291
RÜFÜS DU SOL,RÜFÜS DU SOL,Surrender,Surrender,https://tidal.com/browse/album/201834635
RÜFÜS DU SOL,RÜFÜS DU SOL,SOLACE,SOLACE,https://tidal.com/browse/album/95792524
RÜFÜS DU SOL,RÜFÜS DU SOL,Bloom,Bloom,https://tidal.com/browse/album/56068940
SIAMES,SIAMES,HOME,HOME,https://tidal.com/browse/album/128810246
Soen,Soen,IMPERIAL,IMPERIAL,https://tidal.com/browse/album/169488629
Steven Wilson,Steven Wilson,THE FUTURE BITES,THE FUTURE BITES (Deluxe Edition),https://tidal.com/browse/album/194818085
The Weeknd,The Weeknd,Beauty Behind The Madness,Beauty Behind The Madness,https://tidal.com/browse/album/77704200
When Chai Met Toast,When Chai Met Toast,When We Feel Young,When We Feel Young,https://tidal.com/browse/album/320739151
When Chai Met Toast,When Chai Met Toast,Believe,Believe,https://tidal.com/browse/album/94594402
When Chai Met Toast,When Chai Met Toast,Joy of Little Things,Joy of Little Things,https://tidal.com/browse/album/320319304
WYS,WYS,North Pole,North Pole,https://tidal.com/browse/album/300780929
XXXTENTACION,XXXTENTACION,17,17,https://tidal.com/browse/album/77850888
Kalandra,Kalandra,Kingdom Two Crowns: Norse Lands Soundtrack (Extended),Kingdom Two Crowns: Norse Lands Soundtrack (Extended),https://tidal.com/browse/album/301959302
NERO,Nero,Into the Unknown,Into the Unknown,https://tidal.com/browse/album/374254942
Tinlicker,Tinlicker,About You,About You,https://tidal.com/browse/album/245227968
Lane 8,Lane 8,Childish,Childish,https://tidal.com/browse/album/388481770
Bo Burnham,Bo Burnham,Inside (The Songs),Inside (The Songs),https://tidal.com/browse/album/189591372?u
Grabbitz,Grabbitz,Time Isn't Real,Time Isn't Real,https://tidal.com/browse/album/224723754?u
Soen,Soen,Lotus (Bonus Edition),Lotus (Bonus Edition),https://tidal.com/browse/album/194441363?u
